{
	"credit": "Made with Blockbench",
	"textures": {
		"0": "block/granite",
		"particle": "block/granite"
	},
	"elements": [
		{
			"from": [6, -4, 1],
			"to": [10, 8, 4],
			"faces": {
				"north": {"uv": [9.75, 13, 10.75, 16], "texture": "#0"},
				"east": {"uv": [8.75, 13, 9.75, 16], "texture": "#0"},
				"south": {"uv": [7.75, 13, 8.75, 16], "texture": "#0"},
				"west": {"uv": [7, 13, 7.75, 16], "texture": "#0"},
				"up": {"uv": [9, 12, 9.75, 13], "rotation": 270, "texture": "#0"},
				"down": {"uv": [11.75, 4, 12.5, 5], "rotation": 90, "texture": "#0"}
			}
		},
		{
			"from": [6, -4, 12],
			"to": [10, 8, 15],
			"faces": {
				"north": {"uv": [11.75, 5, 12.75, 8], "texture": "#0"},
				"east": {"uv": [11, 5, 11.75, 8], "texture": "#0"},
				"south": {"uv": [10, 5, 11, 8], "texture": "#0"},
				"west": {"uv": [12.75, 5, 13.5, 8], "texture": "#0"},
				"up": {"uv": [11, 4, 11.75, 5], "rotation": 270, "texture": "#0"},
				"down": {"uv": [9.75, 12, 10.5, 13], "rotation": 90, "texture": "#0"}
			}
		}
	]
}